superkingdom,kingdom,phylum,subphylum,class,order,family,genus,species,Taxa,Conservation significance,2018_GR_S01,2018_GR_S02,2018_GR_S03,2018_GR_S04,2018_GR_S05,2018_GR_S06,2018_GR_S07,2018_GR_S08,2018_GR_S09,2018_GR_S10,2018_SC_S01,2018_SC_S02,2018_SC_S03,2018_SC_S04,2018_SC_S05,2018_SC_S06,2018_SC_S07,2018_SC_S08,2018_SC_S09,2018_SC_S10,2018_SH_S01,2018_SH_S02,2018_SH_S03,2018_SH_S04,2018_SH_S05,2018_SH_S06,2018_SH_S07,2018_SH_S08,2018_SH_S09,2018_SH_S10,2018_HAR_S01,2018_HAR_S02,2018_HAR_S03,2018_HAR_S04,2020_GR_S01,2020_GR_S02,2020_GR_S03,2020_GR_S04,2020_GR_S05,2020_GR_S06,2020_GR_S07,2020_GR_S08,2020_GR_S09,2020_GR_S10,2020_SC_S01,2020_SC_S02,2020_SC_S03,2020_SC_S04,2020_SC_S05,2020_SC_S06,2020_SC_S07,2020_SC_S08,2020_SC_S09,2020_SC_S10,2020_SH_S01,2020_SH_S02,2020_SH_S03,2020_SH_S04,2020_SH_S05,2020_SH_S06,2020_SH_S07,2020_SH_S08,2020_SH_S09,2020_SH_S10,2020_HAR_S01,2020_HAR_S02,2020_HAR_S03,2020_HAR_S04
Eukaryota,Metazoa,Chordata,Craniata,Actinopteri,-,-,-,-,Actinopteri_class,NA,1,1,1,1,1,1,1,1,1,1,1,1,1,1,1,1,1,1,1,1,1,1,1,1,1,1,1,1,1,1,1,1,1,1,1,1,1,1,1,1,1,1,1,1,1,1,1,1,1,1,1,1,1,1,1,1,1,1,1,1,1,1,1,1,1,1,1,1
Eukaryota,Metazoa,Chordata,Craniata,Chondrichthyes,Myliobatiformes,Myliobatidae,Aetobatus,-,Aetobatus,NA,1,0,1,0,0,0,0,0,1,0,0,1,1,0,1,0,1,1,1,1,0,0,0,1,1,0,1,1,1,1,1,1,0,0,0,0,0,0,0,0,0,0,0,1,0,1,0,0,0,0,0,0,1,0,0,0,0,0,0,1,0,0,0,0,0,1,1,1
Eukaryota,Metazoa,Chordata,Craniata,Actinopteri,Carangiformes,Carangidae,Alepes,Alepes_djedaba,Alepes_djedaba,NA,0,0,0,0,0,0,0,0,0,0,0,0,0,0,0,0,0,0,0,0,0,0,0,0,0,0,0,0,0,0,0,0,0,0,0,0,0,0,0,0,0,0,0,0,0,0,0,0,1,0,0,0,0,0,0,0,0,0,0,0,0,0,0,0,0,0,0,0
Eukaryota,Metazoa,Chordata,Craniata,Actinopteri,Carangiformes,Carangidae,Alepes,Alepes_kleinii,Alepes_kleinii,NA,0,0,0,0,0,0,0,0,0,0,0,0,0,0,0,0,0,0,0,0,0,0,0,0,0,0,0,0,0,0,0,0,0,0,0,0,0,0,0,0,0,0,0,0,0,0,0,0,1,0,1,0,1,0,0,0,0,0,0,1,0,0,0,0,0,1,0,0
Eukaryota,Metazoa,Chordata,Craniata,Actinopteri,-,Ambassidae,Ambassis,Ambassis_agassizii,Ambassis_agassizii,NA,0,0,0,0,0,0,0,0,0,0,0,0,0,0,0,0,0,0,0,0,0,0,0,0,0,0,0,0,0,0,0,0,0,0,1,1,1,1,1,1,1,1,1,1,1,0,1,1,1,0,0,1,0,1,1,0,1,1,1,0,1,1,1,0,1,1,1,1
Eukaryota,Metazoa,Chordata,Craniata,Actinopteri,Anguilliformes,Anguillidae,Anguilla,Anguilla_reinhardtii,Anguilla_reinhardtii,NA,0,0,0,0,0,0,0,0,0,0,0,0,0,0,0,0,0,0,0,0,0,0,0,0,0,0,0,0,0,0,0,0,0,0,1,0,0,0,0,1,1,0,0,0,0,0,0,0,0,0,0,0,0,0,0,1,0,0,1,0,0,0,0,0,0,0,0,0
Eukaryota,Metazoa,Chordata,Craniata,Actinopteri,Clupeiformes,Clupeidae,Anodontostoma,-,Anodontostoma,NA,0,0,0,0,0,0,0,0,0,0,0,0,0,0,0,0,0,0,0,0,0,0,0,0,0,0,1,0,0,0,0,0,0,0,0,0,0,0,0,0,0,0,0,0,0,0,0,0,0,0,0,0,0,0,0,0,0,0,0,0,0,0,0,0,0,0,0,0
Eukaryota,Metazoa,Chordata,Craniata,Actinopteri,Clupeiformes,Clupeidae,Anodontostoma,Anodontostoma_chacunda,Anodontostoma_chacunda,NA,0,0,0,0,0,0,0,1,0,0,0,0,1,1,1,0,1,0,0,1,1,1,1,0,1,0,1,1,0,0,1,0,1,0,0,0,0,0,0,0,0,0,1,0,0,0,0,0,1,1,1,0,0,0,0,0,0,0,0,0,0,0,0,0,1,1,1,1
Eukaryota,Metazoa,Chordata,Craniata,Actinopteri,Siluriformes,Ariidae,-,-,Ariidae_family,NA,1,0,0,1,0,1,0,1,0,0,1,1,1,1,0,1,1,0,1,0,1,1,1,1,1,1,1,1,1,1,0,0,1,1,0,0,0,0,0,0,0,0,0,0,0,0,0,0,1,0,0,0,1,0,0,0,0,0,0,0,0,0,0,0,1,0,1,0
Eukaryota,Metazoa,Chordata,Craniata,Actinopteri,Tetraodontiformes,Tetraodontidae,Arothron,Arothron_manilensis,Arothron_manilensis,NA,0,0,0,1,0,0,0,1,1,0,0,0,0,0,0,1,0,0,1,0,0,1,0,0,0,0,0,0,0,0,1,1,0,0,0,0,0,0,0,0,0,0,0,0,0,0,0,0,0,1,1,0,0,0,0,0,0,0,0,0,0,0,0,0,0,0,0,0
Eukaryota,Metazoa,Chordata,Craniata,Actinopteri,Tetraodontiformes,Tetraodontidae,Arothron,Arothron_reticularis,Arothron_reticularis,NA,0,0,0,0,0,1,0,0,0,0,0,0,1,1,1,0,0,0,1,0,0,1,1,1,0,0,0,0,0,1,1,1,0,1,0,0,0,1,0,1,1,0,0,1,0,1,0,0,0,0,1,0,1,0,0,1,0,0,0,1,0,1,0,1,0,1,0,0
Eukaryota,Metazoa,Chordata,Craniata,Actinopteri,Atheriniformes,Atherinidae,-,-,Atherinidae_family,NA,0,0,0,0,0,0,0,0,0,0,0,0,0,0,0,0,0,0,0,0,0,0,0,0,0,0,0,0,0,0,0,0,0,0,0,0,1,0,0,0,0,0,0,0,0,0,1,0,0,0,0,0,0,0,1,0,0,0,1,0,0,0,0,0,0,0,0,0
Eukaryota,Metazoa,Chordata,Craniata,Actinopteri,Atheriniformes,-,-,-,Atheriniformes_order,NA,0,0,0,0,0,0,0,0,0,0,0,0,0,0,0,0,0,0,0,0,0,0,0,0,0,0,0,0,0,0,0,0,0,0,1,0,0,0,0,0,0,0,0,0,0,0,0,0,1,1,1,0,0,0,1,0,0,0,0,0,0,0,0,0,0,0,1,1
Eukaryota,Metazoa,Chordata,Craniata,Actinopteri,Aulopiformes,-,-,-,Aulopiformes_order,NA,0,0,0,0,0,0,0,0,0,0,0,0,1,0,0,1,1,0,0,0,0,0,0,0,0,0,0,0,0,0,0,1,0,0,0,0,0,0,0,0,0,0,0,0,0,0,0,0,0,0,0,0,0,0,0,0,0,0,0,0,0,0,0,0,0,0,0,0
Eukaryota,Metazoa,Chordata,Craniata,Actinopteri,Beloniformes,Belonidae,-,-,Belonidae_family,NA,0,0,0,0,0,0,1,0,0,0,0,0,0,0,0,0,0,0,0,0,0,0,0,0,0,1,0,0,0,0,0,0,0,0,0,0,0,0,0,0,0,0,0,0,0,0,0,0,0,0,1,0,0,0,0,0,0,0,0,0,0,0,0,0,1,1,1,1
Eukaryota,Metazoa,Chordata,Craniata,Actinopteri,Beloniformes,-,-,-,Beloniformes_family,NA,0,0,1,0,0,1,1,0,0,1,0,0,1,0,1,0,1,0,0,0,1,0,0,0,0,1,1,1,0,0,1,0,1,0,0,0,0,0,0,0,0,0,0,0,0,0,0,0,0,0,0,0,0,0,0,0,0,0,0,0,0,0,0,0,0,0,0,0
Eukaryota,Metazoa,Chordata,Craniata,Actinopteri,Blenniiformes,-,-,-,Blenniiformes_order,NA,0,0,0,0,0,0,0,0,0,0,0,0,0,0,0,0,0,0,0,1,0,0,0,0,0,0,0,0,0,0,0,0,1,1,0,0,0,0,0,0,0,0,0,0,0,0,0,0,0,0,0,0,0,0,0,0,0,0,0,0,0,0,0,0,0,0,0,0
Eukaryota,Metazoa,Chordata,Craniata,Actinopteri,Gobiiformes,Eleotridae,Bostrychus,Bostrychus_sinensis,Bostrychus_sinensis,NA,0,1,0,0,0,0,0,1,0,0,0,0,0,0,0,0,0,0,0,0,0,0,0,0,0,0,0,0,0,0,0,0,0,0,0,0,0,0,0,0,0,0,0,0,0,0,0,0,0,0,0,0,0,0,0,0,0,0,0,0,0,0,0,0,0,0,0,0
Eukaryota,Metazoa,Chordata,Craniata,Chondrichthyes,Myliobatiformes,Dasyatidae,Brevitrygon,-,Brevitrygon,NA,0,0,0,0,1,0,1,0,0,0,0,0,0,0,0,1,1,0,0,1,0,0,0,0,1,0,0,1,0,0,1,0,0,0,0,0,0,0,0,0,0,0,0,0,0,0,0,0,1,0,0,0,0,0,0,0,0,0,0,0,0,0,0,0,0,0,0,1
Eukaryota,Metazoa,Chordata,Craniata,Actinopteri,Gobiiformes,Eleotridae,Butis,Butis_amboinensis,Butis_amboinensis,NA,0,0,0,0,1,0,1,0,0,0,0,0,1,0,1,0,0,0,1,0,1,0,1,0,0,0,1,0,1,1,1,0,0,0,0,0,0,1,0,1,1,1,0,1,0,1,0,0,1,0,0,0,1,0,0,0,0,0,0,1,0,0,0,0,0,1,0,0
Eukaryota,Metazoa,Chordata,Craniata,Actinopteri,Carangiformes,Carangidae,Caranx,Caranx_ignobilis_Hawaiian_Islands,Caranx_ignobilis_Hawaiian_Islands,NA,1,0,1,1,1,1,1,0,1,0,0,0,0,0,0,1,0,0,1,1,0,0,0,0,0,0,0,0,1,0,1,0,0,0,0,0,0,0,0,0,0,0,0,0,0,0,0,0,1,0,0,0,0,0,0,0,0,0,0,0,0,0,0,0,0,0,0,0
Eukaryota,Metazoa,Chordata,Craniata,Actinopteri,Carangiformes,Carangidae,Caranx,Caranx_sexfasciatus,Caranx_sexfasciatus,NA,0,0,0,0,1,0,0,0,0,0,0,0,0,0,0,0,0,0,0,0,0,0,0,0,0,0,0,0,0,0,0,0,0,0,0,0,0,0,0,0,0,0,0,0,0,0,0,0,1,0,0,0,0,0,0,0,0,0,0,0,0,0,0,0,0,0,0,0
Eukaryota,Metazoa,Chordata,Craniata,Chondrichthyes,Carcharhiniformes,Carcharhinidae,-,-,Carcharhinidae_family,NA,0,0,0,0,0,0,0,0,0,0,0,0,0,0,1,0,0,0,0,0,0,0,0,0,0,1,0,0,0,0,1,1,0,0,0,0,0,0,0,0,0,0,0,0,0,0,0,0,0,0,0,0,0,0,0,0,0,0,0,0,0,0,0,0,0,0,0,0
Eukaryota,Metazoa,Chordata,Craniata,Chondrichthyes,Carcharhiniformes,Carcharhinidae,Carcharhinus,Carcharhinus_leucas,Carcharhinus_leucas,Vulnerable - IUCN ,0,1,0,0,0,0,0,0,0,0,0,1,1,0,1,1,1,1,1,1,1,1,1,1,1,1,1,1,1,1,1,1,1,1,1,0,0,0,1,0,0,1,1,0,1,0,1,1,1,1,1,1,0,1,0,0,1,1,1,0,1,1,0,0,1,1,1,1
Eukaryota,Metazoa,Chordata,Craniata,Actinopteri,Chaetodontiformes,-,-,-,Chaetodontiformes_order,NA,1,1,1,0,1,1,1,1,1,1,0,0,1,0,1,1,1,1,1,1,1,1,1,1,1,1,1,1,1,1,1,1,1,1,0,0,0,0,0,0,0,0,0,0,0,0,0,0,1,0,1,0,0,0,0,0,0,0,0,0,0,0,0,0,1,1,1,1
Eukaryota,Metazoa,Chordata,Craniata,Actinopteri,Gonorynchiformes,Chanidae,Chanos,Chanos_chanos,Chanos_chanos,NA,1,1,1,1,0,1,0,1,0,1,0,0,1,0,1,0,0,0,0,0,0,0,0,0,0,0,1,0,0,1,1,1,0,0,0,1,0,0,0,1,1,0,1,0,0,0,0,0,0,0,0,0,0,0,1,0,0,0,0,0,0,0,0,0,0,0,1,1
Eukaryota,Metazoa,Chordata,Craniata,Actinopteri,Tetraodontiformes,Tetraodontidae,Chelonodontops,-,Chelonodontops,NA,0,0,0,0,0,0,0,0,0,0,0,0,0,1,0,0,0,0,0,1,1,1,0,0,0,0,1,1,0,0,1,0,0,0,0,0,0,0,0,0,0,0,0,0,0,0,0,0,0,0,0,0,0,0,0,0,0,0,0,0,0,0,0,0,0,0,0,0
Eukaryota,Metazoa,Chordata,Craniata,Actinopteri,Labriformes,Labridae,Choerodon,-,Choerodon,NA,0,1,0,0,0,1,0,1,0,0,0,0,0,0,0,0,0,0,0,0,0,0,0,0,0,0,0,0,0,0,0,0,0,0,0,0,0,0,0,0,0,0,0,0,0,0,0,0,0,0,0,0,0,0,0,0,0,0,0,0,0,0,0,0,0,0,0,0
Eukaryota,Metazoa,Chordata,Craniata,Chondrichthyes,-,-,-,-,Chondrichthyes_class,NA,0,0,0,0,0,0,0,0,0,0,0,0,0,1,0,0,0,0,0,0,0,0,0,0,1,0,0,1,0,0,0,0,0,0,0,0,0,0,0,0,0,0,0,0,0,0,0,0,0,0,0,0,0,0,0,0,0,0,0,0,0,0,0,0,0,0,0,0
Eukaryota,Metazoa,Chordata,Craniata,Actinopteri,Clupeiformes,Clupeidae,-,-,Clupeidae_family,NA,0,0,1,1,0,1,0,0,0,1,0,1,1,1,1,1,1,0,0,1,1,1,1,1,1,1,1,1,0,1,1,1,1,1,1,1,1,1,1,1,1,1,1,1,1,0,1,1,1,1,1,1,1,1,1,1,1,1,1,0,1,1,0,1,1,1,1,1
Eukaryota,Metazoa,Chordata,Craniata,Actinopteri,Clupeiformes,-,-,-,Clupeiformes_order,NA,1,1,1,1,1,1,1,1,1,0,0,1,1,1,1,1,1,1,1,1,1,1,1,1,1,1,1,1,1,1,1,1,1,1,0,0,1,0,0,1,1,0,1,1,1,0,0,0,1,1,1,1,1,1,0,0,0,1,1,0,0,1,0,1,1,1,1,1
Eukaryota,Metazoa,Chordata,Craniata,Actinopteri,Atheriniformes,Atherinidae,Craterocephalus,-,Craterocephalus,Protected in Queensland - C fluviatilis,0,0,0,0,0,0,0,0,0,0,0,0,0,0,0,0,0,0,0,0,0,0,0,0,0,0,0,0,0,0,0,0,0,0,1,1,1,1,1,1,1,1,1,1,1,0,1,1,1,0,0,1,0,1,1,1,1,1,1,1,1,1,0,0,1,1,1,1
Eukaryota,Metazoa,Chordata,Craniata,Actinopteri,Mugiliformes,Mugilidae,Crenimugil,-,Crenimugil,NA,0,1,1,0,0,0,0,0,0,0,0,0,0,0,0,0,0,1,0,0,0,0,0,0,0,0,0,0,0,0,0,0,0,0,0,0,0,0,0,0,0,0,0,0,0,0,0,0,0,0,0,0,0,0,0,0,0,0,0,0,0,0,0,0,0,0,0,0
Eukaryota,Metazoa,Chordata,Craniata,Actinopteri,Gobiiformes,Gobiidae,Cryptocentroides,Cryptocentroides_gobioides,Cryptocentroides_gobioides,NA,1,1,1,1,0,0,0,0,0,0,0,0,1,0,0,0,0,0,0,0,0,0,0,0,0,0,1,0,1,1,1,0,0,0,0,0,0,0,0,0,0,0,0,0,0,0,0,0,0,0,0,0,0,0,0,0,0,0,0,0,0,0,0,0,0,0,0,0
Eukaryota,Metazoa,Chordata,Craniata,Actinopteri,Cypriniformes,-,-,-,Cypriniformes_family,NA,0,1,0,0,0,1,0,0,0,0,0,0,0,0,0,0,0,0,0,0,0,0,0,0,0,0,0,0,0,0,0,0,0,0,0,0,0,0,0,0,0,0,0,0,0,0,0,0,0,0,0,0,0,0,0,0,0,0,0,0,0,0,0,0,0,0,0,0
Eukaryota,Metazoa,Chordata,Craniata,Chondrichthyes,Myliobatiformes,Dasyatidae,-,-,Dasyatidae_family,NA,1,1,1,1,1,1,1,1,1,1,1,1,1,1,1,1,1,1,1,1,1,1,1,1,1,1,1,1,1,1,1,1,1,1,1,1,0,1,1,1,1,1,1,1,1,1,1,1,1,1,1,1,1,1,1,0,1,0,1,1,1,1,0,1,1,1,1,1
Eukaryota,Metazoa,Chordata,Craniata,Actinopteri,Ephippiformes,Drepaneidae,Drepane,-,Drepane,NA,0,0,0,0,0,1,0,0,0,0,1,0,0,1,0,1,0,0,1,1,0,0,0,0,1,0,0,0,0,1,0,0,0,0,0,0,0,0,0,0,0,0,0,1,0,0,0,0,0,0,0,0,0,0,0,0,0,0,0,1,0,0,0,0,0,0,0,0
Eukaryota,Metazoa,Chordata,Craniata,Actinopteri,Ephippiformes,Drepaneidae,Drepane,Drepane_punctata,Drepane_punctata,NA,1,1,1,1,1,1,1,1,0,0,1,1,1,1,1,1,1,1,1,1,1,1,1,1,1,1,1,1,1,1,1,1,1,1,0,0,0,0,1,1,1,1,0,1,0,1,1,1,0,1,1,0,1,1,0,0,1,0,1,1,1,1,1,1,1,1,1,1
Eukaryota,Metazoa,Chordata,Craniata,Actinopteri,Ephippiformes,Drepaneidae,-,-,Drepaneidae_family,NA,0,0,0,0,0,0,0,0,0,0,0,0,1,0,1,0,0,0,1,1,0,0,0,0,0,0,0,0,0,0,1,0,0,0,0,0,0,0,0,0,0,0,0,0,0,0,0,0,0,0,0,0,0,0,0,0,0,0,0,0,0,0,0,0,0,0,0,0
Eukaryota,Metazoa,Chordata,Craniata,Actinopteri,Carangiformes,Echeneidae,Echeneis,Echeneis_naucrates,Echeneis_naucrates,NA,0,0,0,0,0,0,0,1,0,0,0,0,1,0,0,0,1,0,0,0,0,0,0,0,0,0,0,0,0,0,0,0,1,0,0,0,0,0,0,0,0,0,0,1,0,1,0,0,0,0,0,0,1,0,0,0,0,0,0,1,0,0,0,0,0,1,0,0
Eukaryota,Metazoa,Chordata,Craniata,Actinopteri,Gobiiformes,Eleotridae,-,-,Eleotridae,NA,0,1,1,1,0,1,1,1,0,1,0,0,0,0,0,0,0,0,0,0,0,0,0,0,0,0,0,0,0,0,0,0,0,0,1,1,1,1,1,1,1,1,1,1,1,1,1,1,1,1,1,1,1,1,1,1,1,1,1,1,1,1,1,1,1,1,1,1
Eukaryota,Metazoa,Chordata,Craniata,Actinopteri,-,Polynemidae,Eleutheronema,Eleutheronema_tetradactylum,Eleutheronema_tetradactylum,Endangered (Persian Gulf) - IUCN,0,0,0,0,0,0,0,0,0,0,0,0,1,0,0,0,0,0,0,0,0,0,0,0,0,0,1,0,0,0,0,0,0,0,0,0,0,0,0,0,0,0,0,0,0,0,0,0,0,0,1,0,0,0,0,0,0,0,0,0,0,0,0,0,1,1,1,1
Eukaryota,Metazoa,Chordata,Craniata,Actinopteri,Mugiliformes,Mugilidae,Ellochelon,-,Ellochelon,NA,1,1,1,0,1,1,0,0,0,0,0,0,1,1,1,1,1,1,1,0,1,1,1,1,1,1,1,1,1,1,1,1,1,1,0,0,0,0,0,0,0,0,0,0,0,0,0,0,0,0,0,0,0,0,0,0,0,0,0,0,0,0,0,0,1,0,1,0
Eukaryota,Metazoa,Chordata,Craniata,Actinopteri,Mugiliformes,Mugilidae,Ellochelon,Ellochelon_vaigiensis,Ellochelon_vaigiensis,NA,1,1,1,1,1,1,1,1,0,1,0,1,1,1,1,1,1,1,1,1,1,1,1,1,1,1,1,1,1,1,1,1,1,1,1,0,0,0,1,0,0,0,0,0,0,0,1,1,1,1,0,0,0,1,0,0,1,0,0,0,1,0,0,0,0,0,1,0
Eukaryota,Metazoa,Chordata,Craniata,Actinopteri,Elopiformes,-,-,-,Elopiformes_order,NA,0,0,0,0,0,0,0,0,0,0,0,0,1,0,1,1,1,0,1,1,0,0,0,0,0,0,0,0,0,0,0,0,0,0,0,0,0,0,0,0,0,0,0,0,0,0,0,0,0,0,0,0,0,0,0,0,0,0,0,0,0,0,0,0,0,0,0,0
Eukaryota,Metazoa,Chordata,Craniata,Actinopteri,Elopiformes,Elopidae,Elops,-,Elops,NA,0,0,0,0,0,0,0,0,0,0,0,1,0,0,0,0,0,0,0,0,0,0,0,0,0,0,0,0,0,0,0,0,0,0,0,0,0,0,0,0,0,0,0,0,0,0,0,0,0,0,0,0,0,0,0,0,0,0,0,0,0,0,0,0,0,0,0,0
Eukaryota,Metazoa,Chordata,Craniata,Actinopteri,Elopiformes,Elopidae,Elops,Elops_machnata,Elops_machnata,NA,0,0,0,0,0,1,0,0,0,0,1,1,1,0,1,1,1,0,0,0,1,1,1,0,1,1,1,0,1,0,1,0,1,0,0,0,0,0,0,0,0,0,0,0,0,0,0,0,0,0,0,0,0,0,0,0,0,0,0,0,0,0,0,0,0,0,0,0
Eukaryota,Metazoa,Chordata,Craniata,Actinopteri,Ephippiformes,-,-,-,Ephippiformes_order,NA,1,1,1,0,1,1,1,0,0,0,0,0,0,1,0,0,0,0,0,1,0,0,0,0,0,0,0,0,0,1,1,1,0,0,0,0,0,0,0,0,0,0,0,0,0,0,0,0,0,0,0,0,0,0,0,0,0,0,0,0,0,0,0,0,0,0,0,1
Eukaryota,Metazoa,Chordata,Craniata,Actinopteri,Perciformes,Serranidae,Epinephelus,-,Epinephelus,NA,0,0,0,0,0,1,0,0,0,0,0,0,0,0,0,0,0,0,0,0,0,0,0,0,0,0,0,0,0,0,0,0,0,0,0,0,0,0,0,0,0,0,0,0,0,0,0,0,0,0,0,0,0,0,0,0,0,0,0,0,0,0,0,0,0,0,0,0
Eukaryota,Metazoa,Chordata,Craniata,Actinopteri,Perciformes,Serranidae,Epinephelus,Epinephelus_coioides,Epinephelus_coioides,NA,0,1,1,1,0,1,0,1,1,0,0,0,1,0,1,0,1,0,0,0,1,1,1,1,1,0,0,0,1,0,1,1,0,0,0,0,0,0,0,0,0,0,0,0,0,0,0,0,0,0,0,0,0,0,0,0,0,0,0,0,0,0,0,0,0,0,0,0
Eukaryota,Metazoa,Chordata,Craniata,Actinopteri,Perciformes,Serranidae,Epinephelus,Epinephelus_fuscoguttatus,Epinephelus_fuscoguttatus,Vulnerable - IUCN ,0,1,1,0,0,1,0,1,0,0,0,1,1,0,1,1,0,0,0,0,0,0,0,1,0,0,0,0,0,0,0,1,0,0,0,0,0,0,0,0,0,0,0,0,0,0,0,0,0,0,0,0,0,0,0,0,0,0,0,0,0,0,0,0,0,0,0,0
Eukaryota,Metazoa,Chordata,Craniata,Actinopteri,Perciformes,Serranidae,Epinephelus,Epinephelus_lanceolatus,Epinephelus_lanceolatus,Protected in Queensland,0,1,0,0,0,1,0,1,0,0,0,0,0,0,0,0,0,0,0,0,0,1,0,0,0,0,0,0,0,0,1,1,0,0,0,0,0,0,0,0,0,0,0,0,0,0,0,0,0,0,0,0,0,0,0,0,0,0,0,0,0,0,0,0,0,0,0,0
Eukaryota,Metazoa,Chordata,Craniata,Actinopteri,Clupeiformes,Clupeidae,Escualosa,-,Escualosa,NA,0,0,0,0,0,0,0,0,0,0,0,0,0,0,1,0,0,0,0,0,0,1,1,0,0,0,0,0,0,0,1,0,0,0,0,0,0,0,0,0,0,0,0,0,0,0,0,0,0,0,0,0,0,0,0,0,0,0,0,0,0,0,0,0,0,0,0,0
Eukaryota,Metazoa,Chordata,Craniata,Actinopteri,Scombriformes,Scombridae,Euthynnus,Euthynnus_affinis,Euthynnus_affinis,NA,0,0,0,0,0,0,0,0,0,0,0,0,1,0,0,0,0,0,0,0,0,0,0,0,0,0,0,0,0,0,0,0,0,0,0,0,0,0,0,0,0,0,0,0,0,0,0,0,0,0,0,0,0,0,0,0,0,0,0,0,0,0,0,0,0,0,0,0
Eukaryota,Metazoa,Chordata,Craniata,Actinopteri,Gobiiformes,Gobiidae,Exyrias,-,Exyrias,NA,0,0,0,0,0,0,0,0,0,0,0,0,0,0,0,0,0,0,0,0,0,0,0,0,0,0,0,0,0,0,0,0,0,0,0,0,0,1,0,1,1,0,0,1,0,1,0,0,0,0,0,0,1,0,0,1,1,0,0,1,0,0,0,1,0,1,0,0
Eukaryota,Metazoa,Chordata,Craniata,Actinopteri,Cyprinodontiformes,Poeciliidae,Gambusia,-,Gambusia,NA,0,0,0,0,0,0,0,0,0,0,0,0,0,0,0,0,0,0,0,0,0,0,0,0,0,0,0,0,0,0,0,0,0,0,1,1,0,0,0,1,1,0,0,0,0,0,0,0,0,0,0,0,0,0,1,0,0,0,0,0,0,0,0,0,0,0,0,1
Eukaryota,Metazoa,Chordata,Craniata,Actinopteri,Cyprinodontiformes,Poeciliidae,Gambusia,Gambusia_holbrooki,Gambusia_holbrooki,NA,0,0,0,0,0,0,0,0,0,0,0,0,0,0,0,0,0,0,0,0,0,0,0,0,0,0,0,0,0,0,0,0,0,0,1,1,1,1,1,1,1,1,1,0,1,0,0,1,0,0,0,1,0,1,1,0,0,1,1,0,1,1,1,0,1,1,1,1
Eukaryota,Metazoa,Chordata,Craniata,Actinopteri,Gerreiformes,Gerreidae,-,-,Gerreidae_family,NA,1,1,1,1,1,1,1,1,1,1,1,1,1,1,1,1,1,1,1,1,1,1,1,1,1,1,1,1,1,1,1,1,1,1,0,0,0,0,0,0,0,1,0,0,0,0,0,0,1,0,0,0,1,0,0,0,0,0,0,0,1,0,1,0,1,0,0,0
Eukaryota,Metazoa,Chordata,Craniata,Actinopteri,Gerreiformes,-,-,-,Gerreiformes_order,NA,0,0,0,0,0,1,0,0,0,0,0,0,0,0,0,0,0,0,0,0,0,0,0,0,0,0,0,0,0,0,0,1,0,0,0,0,0,0,0,0,0,0,0,0,0,0,0,0,0,0,0,0,0,0,0,0,0,0,0,0,0,0,0,0,0,0,0,0
Eukaryota,Metazoa,Chordata,Craniata,Actinopteri,Gerreiformes,Gerreidae,Gerres,-,Gerres,NA,0,0,1,0,0,1,0,1,0,0,0,0,0,1,0,1,0,0,1,0,0,0,0,0,0,1,0,0,0,0,0,0,0,0,0,0,0,0,0,0,0,0,0,0,0,0,0,0,0,0,0,0,0,0,0,0,0,0,0,0,0,0,0,0,0,0,0,0
Eukaryota,Metazoa,Chordata,Craniata,Actinopteri,Gerreiformes,Gerreidae,Gerres,Gerres_filamentosus,Gerres_filamentosus,NA,1,1,1,1,1,1,1,1,0,0,0,0,0,0,1,0,0,0,0,0,0,1,0,0,1,1,0,0,1,1,1,0,0,0,0,0,0,0,0,0,0,0,0,0,1,0,1,0,1,0,0,0,0,1,0,0,0,0,1,1,1,1,1,1,0,0,1,0
Eukaryota,Metazoa,Chordata,Craniata,Chondrichthyes,Pristiformes/Rhiniformes group,Rhinobatidae,Glaucostegus,Glaucostegus_typus,Glaucostegus_typus,Critically Endangered - IUCN,0,0,0,0,1,0,1,0,0,1,0,0,1,0,1,1,1,0,1,0,0,0,0,1,1,1,1,0,0,0,1,1,0,0,0,0,0,0,0,0,1,0,0,1,0,1,0,0,0,0,0,0,1,0,0,0,0,0,0,1,0,0,0,0,0,1,0,0
Eukaryota,Metazoa,Chordata,Craniata,Actinopteri,Kurtiformes,Apogonidae,Glossamia,Glossamia_aprion,Glossamia_aprion,NA,0,0,0,0,0,0,0,0,0,0,0,0,0,0,0,0,0,0,0,0,0,0,0,0,0,0,0,0,0,0,0,0,0,0,1,1,1,0,1,1,1,0,1,0,0,0,1,0,0,0,0,0,0,1,0,0,0,0,1,0,1,1,0,0,0,1,1,1
Eukaryota,Metazoa,Chordata,Craniata,Actinopteri,Gobiiformes,Gobiidae,-,-,Gobiidae_family,NA,1,1,1,1,1,1,1,1,1,1,1,1,1,0,0,1,0,0,0,1,1,1,0,0,0,1,1,1,0,1,1,1,1,1,0,1,0,0,0,1,1,1,1,1,0,1,0,0,0,1,0,0,1,0,1,1,1,0,1,1,1,1,0,0,0,1,1,1
Eukaryota,Metazoa,Chordata,Craniata,Actinopteri,Gobiiformes,-,-,-,Gobiiformes_order,NA,1,1,1,1,0,0,1,0,0,1,0,0,1,1,1,0,0,0,0,0,0,1,0,0,0,0,1,0,1,0,0,0,0,0,1,1,1,1,1,0,1,1,0,1,0,1,1,1,0,0,1,0,1,1,1,0,1,1,0,1,0,0,0,0,0,1,1,1
Eukaryota,Metazoa,Chordata,Craniata,Actinopteri,Labriformes,Labridae,Halichoeres,Halichoeres_nigrescens,Halichoeres_nigrescens,NA,0,0,0,0,0,0,0,0,0,0,0,0,0,0,0,0,0,0,0,0,0,0,0,0,0,0,0,1,0,0,1,0,1,0,0,0,0,0,0,0,0,0,0,0,0,0,0,0,0,0,0,0,0,0,0,0,0,0,0,0,0,0,0,0,0,0,0,0
Eukaryota,Metazoa,Chordata,Craniata,Chondrichthyes,Myliobatiformes,Dasyatidae,Hemitrygon,-,Hemitrygon,NA,0,0,0,0,0,0,0,0,0,0,1,1,1,1,1,1,1,1,1,1,1,1,1,1,1,1,1,1,1,1,1,1,1,1,0,0,0,0,0,0,1,0,1,1,0,1,0,0,1,0,1,0,1,0,0,0,0,0,0,1,0,0,0,0,1,1,1,1
Eukaryota,Metazoa,Chordata,Craniata,Actinopteri,Syngnathiformes,Syngnathidae,Hippocampus,-,Hippocampus,NA,0,0,0,0,0,0,0,0,0,0,0,0,0,0,0,0,0,0,0,0,0,0,0,0,0,0,0,0,0,0,1,1,0,0,0,0,0,0,0,0,0,0,0,0,0,0,0,0,0,0,0,0,0,0,0,0,0,0,0,0,0,0,0,0,0,0,0,0
Eukaryota,Metazoa,Chordata,Craniata,Actinopteri,Gobiiformes,Eleotridae,Hypseleotris,-,Hypseleotris,NA,0,0,0,0,0,0,0,0,0,0,0,0,0,0,0,0,0,0,0,0,0,0,0,0,0,0,0,0,0,0,0,0,0,0,1,1,1,1,1,1,1,1,1,1,1,1,1,1,1,0,0,1,1,1,1,1,1,1,1,1,1,1,0,0,1,1,1,1
Eukaryota,Metazoa,Chordata,Craniata,Actinopteri,Gobiiformes,Eleotridae,Hypseleotris,Hypseleotris_compressa,Hypseleotris_compressa,NA,0,0,0,0,0,0,0,0,0,0,0,0,0,0,0,0,0,0,0,0,0,0,0,0,0,0,0,0,0,0,0,0,0,0,1,1,1,1,1,1,1,1,1,1,1,1,1,1,1,1,1,1,1,1,1,1,1,1,1,1,1,1,1,1,1,1,1,1
Eukaryota,Metazoa,Chordata,Craniata,Actinopteri,Gobiiformes,Eleotridae,Hypseleotris,Hypseleotris_sp._'Midgley's_carp_gudgeon',Hypseleotris_sp._'Midgley's_carp_gudgeon',NA,0,0,0,0,0,0,0,0,0,0,0,0,0,0,0,0,0,0,0,0,0,0,0,0,0,0,0,0,0,0,0,0,0,0,1,1,1,1,1,1,1,1,1,1,0,1,1,1,0,0,0,0,1,0,1,0,1,1,1,1,0,1,0,0,0,1,1,1
Eukaryota,Metazoa,Chordata,Craniata,Actinopteri,Perciformes,Platycephalidae,Inegocia,-,Inegocia,NA,0,0,0,0,0,0,0,0,0,0,0,0,0,0,0,0,0,0,0,0,0,0,0,0,0,0,0,0,1,0,0,0,0,0,0,0,0,0,0,0,0,0,0,0,0,0,0,0,0,0,0,0,0,0,0,0,0,0,0,0,0,0,0,0,0,0,0,0
Eukaryota,Metazoa,Chordata,Craniata,Actinopteri,Kurtiformes,-,-,-,Kurtiformes_order,NA,0,0,0,0,0,0,0,0,0,0,0,0,0,0,0,0,0,0,0,0,0,0,0,0,0,0,0,0,0,0,1,1,0,0,0,0,0,0,0,0,0,0,0,0,0,0,0,0,0,0,0,0,0,0,0,0,0,0,0,0,0,0,0,0,0,0,0,0
Eukaryota,Metazoa,Chordata,Craniata,Actinopteri,Labriformes,-,-,-,Labriformes_order,NA,1,1,1,1,0,1,1,1,0,0,1,1,1,1,1,1,1,0,1,1,1,1,1,1,1,1,1,1,1,0,1,1,1,1,0,0,0,0,0,0,0,0,0,0,0,0,1,0,1,0,0,0,0,1,0,0,0,0,1,0,1,0,0,0,0,0,0,0
Eukaryota,Metazoa,Chordata,Craniata,Actinopteri,-,Centropomidae,Lates,Lates_calcarifer,Lates_calcarifer,Protected in Queensland,0,0,0,0,0,0,0,0,0,0,0,0,0,0,0,1,1,0,0,1,0,0,1,0,1,1,1,1,0,0,0,0,0,0,0,0,0,0,1,0,0,0,0,0,0,0,0,0,1,0,0,0,0,0,0,0,0,0,0,0,0,0,0,0,0,0,0,0
Eukaryota,Metazoa,Chordata,Craniata,Actinopteri,Chaetodontiformes,Leiognathidae,-,-,Leiognathidae_family,NA,1,0,0,1,0,0,0,1,1,0,0,1,1,1,1,1,1,0,0,1,1,1,1,1,1,1,1,1,1,0,1,1,1,1,0,0,0,1,0,1,0,0,0,1,0,1,1,0,1,1,1,0,1,1,0,0,0,0,0,1,0,0,0,1,0,1,1,0
Eukaryota,Metazoa,Chordata,Craniata,Actinopteri,Chaetodontiformes,Leiognathidae,Leiognathus,-,Leiognathus,NA,1,1,1,1,1,1,1,1,0,0,0,1,1,0,1,0,0,0,0,0,1,1,1,1,1,1,1,1,0,0,0,1,1,1,0,0,0,0,0,0,0,0,0,1,0,1,0,0,0,0,0,1,1,0,0,0,0,0,0,1,0,0,0,0,0,1,0,1
Eukaryota,Metazoa,Chordata,Craniata,Actinopteri,Centrarchiformes,Terapontidae,Leiopotherapon,Leiopotherapon_unicolor,Leiopotherapon_unicolor,NA,0,0,0,0,0,0,0,0,0,0,0,0,0,0,0,0,0,0,0,0,0,0,0,0,0,0,0,0,0,0,0,0,0,0,1,1,1,1,1,1,1,1,1,1,1,1,1,1,1,0,0,1,1,1,1,1,1,1,1,1,1,1,1,1,1,1,1,1
Eukaryota,Metazoa,Chordata,Craniata,Actinopteri,Spariformes,Lethrinidae,Lethrinus,Lethrinus_lentjan,Lethrinus_lentjan,NA,0,0,0,0,0,0,0,0,0,0,0,1,0,0,1,0,0,0,0,0,0,0,0,1,0,0,0,0,0,0,1,1,0,0,0,0,0,0,0,0,0,0,0,0,0,0,0,0,0,0,0,0,0,0,0,0,0,0,0,0,0,0,0,0,0,0,0,0
Eukaryota,Metazoa,Chordata,Craniata,Actinopteri,Lutjaniformes,-,-,-,Lutjaniformes_order,NA,1,0,1,0,1,0,1,0,0,1,1,1,1,1,1,1,1,1,1,1,1,1,1,1,1,1,1,1,1,0,1,1,1,1,1,0,0,0,0,0,0,1,0,0,0,1,1,0,1,0,1,0,0,1,0,0,0,0,0,0,0,0,0,0,0,1,1,1
Eukaryota,Metazoa,Chordata,Craniata,Actinopteri,Lutjaniformes,Lutjanidae,Lutjanus,-,Lutjanus,NA,0,0,0,0,0,0,0,0,0,0,0,0,0,0,0,1,0,0,1,0,0,0,0,0,0,0,0,0,0,0,1,0,0,1,0,0,0,0,0,0,0,0,0,0,0,0,0,0,0,0,0,0,0,0,0,0,0,0,0,0,0,0,0,0,1,0,0,0
Eukaryota,Metazoa,Chordata,Craniata,Actinopteri,Lutjaniformes,Lutjanidae,Lutjanus,Lutjanus_argentimaculatus,Lutjanus_argentimaculatus,Protected in Queensland,1,1,1,1,0,1,1,1,1,1,1,0,0,0,0,0,0,0,0,1,1,1,0,1,1,0,1,1,0,1,1,1,1,0,0,1,0,1,0,1,1,0,0,0,0,1,0,0,0,0,0,0,1,0,0,0,0,0,0,1,0,0,0,1,0,1,0,0
Eukaryota,Metazoa,Chordata,Craniata,Actinopteri,Lutjaniformes,Lutjanidae,Lutjanus,Lutjanus_carponotatus,Lutjanus_carponotatus,NA,0,0,0,0,0,0,0,0,0,0,0,0,0,0,1,0,0,0,0,0,0,0,0,0,0,0,1,0,0,0,0,0,0,0,0,0,0,0,0,0,0,0,0,0,0,0,0,0,0,0,0,0,0,0,0,0,0,0,0,0,0,0,0,0,0,0,0,0
Eukaryota,Metazoa,Chordata,Craniata,Actinopteri,Lutjaniformes,Lutjanidae,Lutjanus,Lutjanus_fulviflamma,Lutjanus_fulviflamma,NA,0,0,0,0,0,1,0,0,0,0,0,0,0,0,0,0,0,0,0,0,0,0,0,0,0,0,0,0,0,1,0,0,0,0,0,0,0,0,0,0,0,0,0,0,0,0,0,0,0,0,0,0,0,0,0,0,0,0,0,0,0,0,0,0,0,0,0,0
Eukaryota,Metazoa,Chordata,Craniata,Actinopteri,Lutjaniformes,Lutjanidae,Lutjanus,Lutjanus_johnii,Lutjanus_johnii,NA,0,0,0,0,0,0,0,0,0,0,0,1,0,0,1,1,0,0,0,0,1,0,0,1,1,0,0,1,1,1,1,1,1,1,0,0,0,0,0,0,0,0,0,0,0,0,0,0,0,0,0,0,0,0,0,0,0,0,0,0,0,0,0,0,0,0,0,0
Eukaryota,Metazoa,Chordata,Craniata,Actinopteri,Lutjaniformes,Lutjanidae,Lutjanus,Lutjanus_russellii,Lutjanus_russellii,NA,0,0,1,1,0,1,0,0,0,1,0,0,0,0,0,0,0,0,0,0,0,0,0,0,0,1,1,0,0,0,1,0,0,0,0,0,0,0,0,0,0,1,0,0,0,0,0,0,1,0,0,0,0,0,0,0,0,0,0,0,0,0,0,0,0,0,0,0
Eukaryota,Metazoa,Chordata,Craniata,Actinopteri,Elopiformes,Megalopidae,-,-,Megalopidae_family,NA,1,1,0,0,1,1,1,1,1,0,1,1,1,1,1,1,1,1,1,1,1,1,1,1,1,1,1,1,1,1,1,1,1,1,1,1,0,0,0,0,0,0,0,0,0,0,0,0,1,0,1,0,0,0,1,0,0,0,0,0,0,1,0,0,1,1,1,1
Eukaryota,Metazoa,Chordata,Craniata,Actinopteri,Atheriniformes,Melanotaeniidae,Melanotaenia,Melanotaenia_splendida,Melanotaenia_splendida,NA,0,0,0,0,0,0,0,0,0,0,0,0,0,0,0,0,0,0,0,0,0,0,0,0,0,0,0,0,0,0,0,0,0,0,1,1,1,1,1,1,1,1,1,1,1,0,1,0,1,0,1,1,0,1,1,0,1,0,1,0,1,0,1,0,1,1,1,1
Eukaryota,Metazoa,Chordata,Craniata,Actinopteri,Gobiiformes,Eleotridae,Mogurnda,Mogurnda_adspersa,Mogurnda_adspersa,NA,0,0,0,0,0,0,0,0,0,0,0,0,0,0,0,0,0,0,0,0,0,0,0,0,0,0,0,0,0,0,0,0,0,0,1,1,1,1,1,1,1,1,1,0,0,0,1,0,1,0,0,0,0,1,0,1,0,1,1,0,1,0,1,0,0,1,1,1
Eukaryota,Metazoa,Chordata,Craniata,Actinopteri,-,Monodactylidae,Monodactylus,-,Monodactylus,NA,0,0,0,0,0,0,0,0,0,0,0,0,0,0,0,0,0,0,0,0,1,0,0,0,0,0,1,0,0,0,0,1,0,1,1,0,0,0,0,0,0,0,0,0,0,0,0,0,1,1,1,0,0,0,0,0,0,0,0,0,0,0,0,0,0,0,0,0
Eukaryota,Metazoa,Chordata,Craniata,Actinopteri,Mugiliformes,Mugilidae,Moolgarda,-,Moolgarda,NA,1,1,1,1,1,1,1,1,1,0,0,1,1,1,0,1,0,1,1,1,1,1,1,1,1,1,1,1,0,0,1,0,0,0,0,0,0,0,0,0,0,0,0,0,0,0,0,0,1,1,1,0,0,1,0,0,0,0,0,0,0,0,0,0,0,0,1,1
Eukaryota,Metazoa,Chordata,Craniata,Actinopteri,Mugiliformes,Mugilidae,Moolgarda,Moolgarda_seheli,Moolgarda_seheli,NA,1,1,1,1,1,1,1,1,1,0,1,1,1,1,1,1,1,1,1,1,1,1,1,1,1,1,1,1,1,1,1,1,1,1,1,0,1,1,1,1,1,1,1,1,0,1,1,1,1,1,1,1,1,1,1,0,1,1,1,0,1,1,0,0,1,1,1,1
Eukaryota,Metazoa,Chordata,Craniata,Actinopteri,Mugiliformes,Mugilidae,Mugil,-,Mugil,NA,0,0,0,0,0,0,0,0,0,0,1,0,0,0,0,1,1,0,1,0,0,0,0,0,0,0,1,0,0,0,0,0,0,0,0,0,0,0,0,0,1,0,0,0,0,0,0,0,0,0,0,0,0,0,0,0,0,1,0,0,0,0,0,0,0,0,0,0
Eukaryota,Metazoa,Chordata,Craniata,Actinopteri,Mugiliformes,Mugilidae,Mugil,Mugil_cephalus,Mugil_cephalus,NA,0,0,0,0,0,0,0,0,0,0,1,1,1,0,1,1,1,1,1,0,0,0,0,0,1,1,1,1,0,0,1,1,1,1,1,1,1,1,1,1,0,1,0,1,0,0,1,1,0,0,0,0,0,1,0,0,1,1,0,0,0,0,0,0,0,0,1,0
Eukaryota,Metazoa,Chordata,Craniata,Actinopteri,Mugiliformes,Mugilidae,Mugil,Mugil_liza,Mugil_liza,NA,0,0,0,0,0,0,0,0,0,0,0,0,1,0,1,0,1,0,0,0,0,0,0,0,0,0,0,0,0,0,1,0,0,0,0,1,1,1,1,1,1,1,0,1,0,1,0,1,0,0,1,0,0,0,0,0,0,1,1,0,0,1,0,1,0,1,1,1
Eukaryota,Metazoa,Chordata,Craniata,Actinopteri,Mugiliformes,Mugilidae,-,-,Mugilidae_family,NA,1,1,1,1,1,1,1,1,1,0,1,1,1,1,1,1,1,1,1,1,1,1,1,1,1,1,1,1,0,1,1,1,1,1,0,0,0,0,0,0,0,0,0,0,0,0,0,0,1,0,0,0,0,1,0,0,0,0,0,0,0,0,0,0,0,0,0,0
Eukaryota,Metazoa,Chordata,Craniata,Actinopteri,Mugiliformes,-,-,-,Mugiliformes_order,NA,0,1,1,1,0,1,0,1,0,0,0,1,1,1,1,1,1,1,1,1,1,1,1,1,1,1,1,0,0,1,1,1,1,1,1,0,0,0,1,0,0,1,1,0,1,0,1,1,1,1,1,1,1,1,0,0,1,1,1,0,1,1,1,0,1,1,1,1
Eukaryota,Metazoa,Chordata,Craniata,Actinopteri,Gobiiformes,Gobiidae,Mugilogobius,Mugilogobius_mertoni,Mugilogobius_mertoni,NA,0,0,0,0,1,0,1,0,1,0,0,1,1,0,1,0,0,0,0,0,0,0,0,0,0,0,0,0,0,1,1,0,0,0,1,1,0,0,1,0,0,0,0,0,0,0,0,1,0,0,0,0,0,0,1,0,0,0,0,0,0,0,0,0,0,1,1,1
Eukaryota,Metazoa,Chordata,Craniata,Chondrichthyes,Myliobatiformes,Myliobatidae,-,-,Myliobatidae_family,NA,0,0,0,0,0,0,0,0,0,0,0,0,0,0,0,0,0,0,0,1,0,0,0,0,0,0,0,0,0,0,1,0,0,0,0,0,0,0,0,0,0,0,0,0,0,0,0,0,0,0,0,0,0,0,0,0,0,0,0,0,0,0,0,0,0,0,0,0
Eukaryota,Metazoa,Chordata,Craniata,Chondrichthyes,Myliobatiformes,-,-,-,Myliobatiformes_order,NA,0,0,1,0,0,0,0,0,0,0,0,0,1,0,0,1,1,1,1,0,0,0,0,0,0,1,0,0,0,1,0,0,0,0,0,0,0,0,0,0,0,0,0,0,0,0,0,0,0,0,0,0,0,0,0,0,0,0,0,1,0,0,0,0,0,0,0,0
Eukaryota,Metazoa,Chordata,Craniata,Actinopteri,Clupeiformes,Clupeidae,Nematalosa,-,Nematalosa,NA,0,0,0,0,0,0,0,0,0,0,0,0,0,0,0,0,0,0,0,1,0,0,0,0,0,0,0,0,0,0,0,0,0,0,1,1,1,1,1,1,1,1,1,1,1,0,1,1,1,0,0,1,0,1,1,1,1,0,1,0,0,1,1,0,1,1,1,1
Eukaryota,Metazoa,Chordata,Craniata,Actinopteri,Siluriformes,Plotosidae,Neosilurus,Neosilurus_hyrtlii,Neosilurus_hyrtlii,NA,0,0,0,0,0,0,0,0,0,0,0,0,0,0,0,0,0,0,0,0,0,0,0,0,0,0,0,0,0,0,0,0,0,0,0,1,0,1,1,1,1,0,1,1,0,1,1,0,0,0,0,0,1,1,0,0,1,0,0,1,1,0,0,0,0,1,1,1
Eukaryota,Metazoa,Chordata,Craniata,Chondrichthyes,Myliobatiformes,Dasyatidae,Neotrygon,Neotrygon_kuhlii,Neotrygon_kuhlii,Data deficient - IUCN ,0,0,0,0,1,0,1,0,1,1,0,0,0,0,0,0,0,0,0,0,0,0,0,0,0,0,0,0,1,0,0,0,0,0,0,0,0,0,0,0,0,0,0,0,0,0,0,0,0,0,1,0,0,1,0,0,0,0,0,0,0,0,0,0,1,1,1,1
Eukaryota,Metazoa,Chordata,Craniata,Actinopteri,Perciformes,Sciaenidae,Nibea,-,Nibea,NA,0,0,0,0,0,0,0,0,0,0,0,0,0,0,0,0,0,0,0,0,0,0,0,1,0,0,0,0,0,0,0,0,0,0,0,0,0,0,0,0,0,0,0,0,0,0,0,0,0,0,0,0,0,0,0,0,0,0,0,0,0,0,0,0,0,0,0,0
Eukaryota,Metazoa,Chordata,Craniata,Actinopteri,Gobiiformes,Eleotridae,Ophiocara,Ophiocara_porocephala,Ophiocara_porocephala,NA,1,0,0,0,0,0,0,0,0,0,0,0,0,0,0,0,0,0,0,0,0,0,0,0,0,0,0,0,0,0,0,0,0,0,0,0,0,0,0,0,0,0,0,0,0,0,0,0,0,0,0,0,0,0,0,0,0,0,0,0,0,0,0,0,0,0,0,0
Eukaryota,Metazoa,Chordata,Craniata,Chondrichthyes,Orectolobiformes,-,-,-,Orectolobiformes_order,NA,0,0,0,0,0,0,0,0,0,0,1,0,0,0,0,0,0,0,0,0,0,0,0,0,0,0,0,0,0,0,0,0,0,0,0,0,0,0,0,0,0,0,0,0,0,0,0,0,0,0,0,0,0,0,0,0,0,0,0,0,0,0,0,0,0,0,0,0
Eukaryota,Metazoa,Chordata,Craniata,Chondrichthyes,Orectolobiformes,Orectolobidae,Orectolobus,-,Orectolobus,NA,0,0,0,0,0,0,0,0,0,0,1,0,0,0,0,0,0,0,0,0,0,0,0,0,0,0,0,0,0,0,0,0,0,0,0,0,0,0,0,0,0,0,0,0,0,0,0,0,0,0,0,0,0,0,0,0,0,0,0,0,0,0,0,0,0,0,0,0
Eukaryota,Metazoa,Chordata,Craniata,Chondrichthyes,Orectolobiformes,Orectolobidae,Orectolobus,Orectolobus_japonicus,Orectolobus_japonicus,NA,0,0,0,0,0,0,0,0,0,0,1,0,0,0,0,0,0,0,0,0,0,0,0,0,0,0,0,0,0,0,1,1,0,0,0,0,0,0,0,0,0,0,0,0,0,0,0,0,0,0,0,0,0,0,0,0,0,0,0,0,0,0,0,0,0,0,0,0
Eukaryota,Metazoa,Chordata,Craniata,Actinopteri,Tetraodontiformes,Monacanthidae,Paramonacanthus,Paramonacanthus_choirocephalus,Paramonacanthus_choirocephalus,NA,0,0,0,0,0,0,0,0,0,0,0,0,0,0,0,0,0,0,0,0,0,0,0,0,0,0,0,1,0,0,0,0,0,0,0,0,0,0,0,0,0,0,0,0,0,0,0,0,0,0,0,0,0,0,0,0,0,0,0,0,0,0,0,0,0,0,0,0
Eukaryota,Metazoa,Chordata,Craniata,Chondrichthyes,Myliobatiformes,Dasyatidae,Pastinachus,-,Pastinachus,NA,0,1,0,0,0,0,0,0,0,0,0,0,0,1,0,0,0,1,0,0,0,0,0,0,0,0,0,0,0,1,0,0,0,0,0,0,0,0,0,0,0,0,1,0,0,0,0,0,0,0,0,0,0,0,0,0,0,0,0,0,0,0,0,0,0,0,0,0
Eukaryota,Metazoa,Chordata,Craniata,Chondrichthyes,Myliobatiformes,Dasyatidae,Pastinachus,Pastinachus_ater,Pastinachus_ater,Vulnerable - IUCN ,1,1,1,1,1,1,1,1,0,0,0,1,1,1,1,1,1,1,1,1,1,1,1,1,1,1,1,1,1,1,1,1,1,1,0,0,1,1,1,1,1,1,1,0,0,0,0,0,1,0,1,0,0,0,1,0,0,0,1,0,0,1,0,1,1,1,1,1
Eukaryota,Metazoa,Chordata,Craniata,Chondrichthyes,Myliobatiformes,Dasyatidae,Pateobatis,-,Pateobatis,NA,0,0,0,0,1,1,1,1,1,0,0,1,1,0,1,1,1,0,1,1,0,1,1,1,1,1,1,1,0,0,1,1,1,0,0,0,0,0,0,0,0,0,0,0,0,1,0,0,1,0,1,0,0,0,0,0,0,0,1,0,0,0,0,0,1,0,1,1
Eukaryota,Metazoa,Chordata,Craniata,Chondrichthyes,Myliobatiformes,Dasyatidae,Pateobatis,Pateobatis_jenkinsii,Pateobatis_jenkinsii,Vulnerable - IUCN ,0,0,0,1,1,0,1,0,0,0,0,0,0,0,1,1,0,0,0,0,0,1,0,1,1,1,1,1,0,1,1,1,0,1,0,0,0,0,0,0,0,0,0,0,0,0,0,0,0,0,0,0,0,0,0,0,0,0,0,0,0,0,0,0,0,0,0,0
Eukaryota,Metazoa,Chordata,Craniata,Actinopteri,Syngnathiformes,Pegasidae,Pegasus,-,Pegasus,NA,0,0,0,0,0,0,0,0,0,0,0,0,0,0,0,0,1,0,0,0,0,0,0,0,0,0,0,0,0,0,0,0,0,0,0,0,0,0,0,0,0,0,0,0,0,0,0,0,0,0,0,0,0,0,0,0,0,0,0,0,0,0,0,0,0,0,0,0
Eukaryota,Metazoa,Chordata,Craniata,Actinopteri,Centrarchiformes,Terapontidae,Pelates,-,Pelates,NA,0,0,1,1,0,1,0,1,0,0,0,0,0,0,0,1,0,0,0,0,0,0,0,0,0,0,0,0,0,1,1,1,0,0,0,0,0,0,0,0,0,0,0,0,0,0,0,0,0,0,0,0,0,0,0,0,0,0,0,0,0,0,0,0,0,0,0,0
Eukaryota,Metazoa,Chordata,Craniata,Actinopteri,Perciformes,-,-,-,Perciformes_order,NA,0,0,0,0,0,0,0,0,0,0,0,0,0,0,0,0,0,0,1,1,0,0,0,0,0,0,0,0,0,0,1,1,0,0,0,0,0,0,0,0,0,0,0,0,0,0,0,0,0,0,0,0,0,0,0,0,0,0,0,0,0,0,0,0,0,0,0,0
Eukaryota,Metazoa,Chordata,Craniata,Actinopteri,Gobiiformes,Gobiidae,Periophthalmus,-,Periophthalmus,NA,0,0,0,0,0,0,1,0,0,0,0,0,0,0,0,0,0,0,0,0,0,0,0,0,0,0,0,0,0,0,0,0,0,0,0,0,0,0,0,0,0,0,0,0,0,0,0,0,0,0,0,0,0,0,0,0,0,0,0,0,0,0,0,0,0,0,0,0
Eukaryota,Metazoa,Chordata,Craniata,Actinopteri,Gobiiformes,Gobiidae,Periophthalmus,Periophthalmus_minutus,Periophthalmus_minutus,NA,0,0,0,0,0,0,1,0,0,0,0,0,0,0,0,0,0,0,0,0,0,0,0,0,0,0,0,0,0,0,0,0,0,0,0,0,0,0,0,0,0,0,0,0,0,0,0,0,0,1,1,0,0,0,0,0,0,0,0,0,0,0,0,0,1,1,1,1
Eukaryota,Metazoa,Chordata,Craniata,Actinopteri,Blenniiformes,Blenniidae,Petroscirtes,-,Petroscirtes,NA,0,0,0,0,0,0,0,0,0,0,0,0,0,0,0,1,0,0,0,0,0,0,0,0,0,0,0,0,0,0,0,0,0,0,0,0,0,0,0,0,0,0,0,0,0,0,0,0,0,0,0,0,0,0,0,0,0,0,0,0,0,0,0,0,0,0,0,0
Eukaryota,Metazoa,Chordata,Craniata,Actinopteri,Anguilliformes,Ophichthidae,Pisodonophis,Pisodonophis_cancrivorus,Pisodonophis_cancrivorus,NA,0,0,0,1,0,0,0,0,0,0,0,0,0,0,0,0,0,0,0,0,0,0,0,0,0,0,0,0,0,0,0,0,0,0,0,0,0,0,0,0,0,0,0,0,0,0,0,0,0,0,0,0,0,0,0,0,0,0,0,0,0,0,0,0,0,0,0,0
Eukaryota,Metazoa,Chordata,Craniata,Actinopteri,Mugiliformes,Mugilidae,Planiliza,-,Planiliza,NA,0,1,0,0,0,0,1,0,0,0,0,0,0,0,0,0,0,0,0,0,0,0,0,0,1,0,0,0,0,0,0,0,0,0,0,0,0,0,0,0,0,0,0,0,0,0,0,0,0,0,0,0,0,0,0,0,0,0,0,0,0,0,0,0,0,0,0,0
Eukaryota,Metazoa,Chordata,Craniata,Actinopteri,Mugiliformes,Mugilidae,Planiliza,Planiliza_macrolepis,Planiliza_macrolepis,NA,1,1,1,1,1,0,1,0,0,0,0,1,1,0,0,0,0,0,0,0,0,0,1,0,1,1,1,0,0,0,0,0,0,0,0,1,0,0,0,0,0,0,0,0,0,0,1,0,0,1,0,0,0,1,1,0,0,0,0,0,1,0,0,0,1,1,1,1
Eukaryota,Metazoa,Chordata,Craniata,Actinopteri,Perciformes,Platycephalidae,-,-,Platycephalidae_family,NA,0,1,0,0,0,1,0,1,0,0,1,1,1,1,1,1,1,1,1,1,1,1,1,0,1,1,1,1,1,1,1,1,1,1,1,0,1,1,1,1,0,0,0,1,0,1,0,0,1,1,1,1,1,0,1,0,0,0,1,0,0,0,1,1,1,1,1,1
Eukaryota,Metazoa,Chordata,Craniata,Actinopteri,Siluriformes,Ariidae,Plicofollis,-,Plicofollis,NA,1,0,0,0,0,1,0,0,0,0,0,0,1,0,0,0,0,0,0,0,1,1,1,1,0,0,1,1,0,1,0,0,0,0,0,0,0,0,0,0,0,0,0,0,0,0,0,0,1,0,0,0,1,0,0,0,0,0,0,0,0,0,0,0,0,1,0,0
Eukaryota,Metazoa,Chordata,Craniata,Actinopteri,Siluriformes,Ariidae,Plicofollis,Plicofollis_argyropleuron,Plicofollis_argyropleuron,NA,1,0,1,1,1,1,0,1,0,0,1,1,1,1,1,1,1,1,1,1,1,1,1,1,1,1,1,1,1,1,1,1,1,1,0,0,0,1,1,1,1,1,1,1,1,1,1,1,1,1,1,1,1,1,1,1,1,1,1,1,1,0,0,1,1,1,1,1
Eukaryota,Metazoa,Chordata,Craniata,Actinopteri,Siluriformes,Plotosidae,Plotosus,Plotosus_japonicus,Plotosus_japonicus,NA,0,0,0,0,0,1,0,0,0,1,0,0,0,0,0,0,0,0,0,0,0,0,0,0,0,0,0,0,0,0,0,0,0,0,0,0,0,0,0,0,0,0,0,0,0,0,0,0,0,0,0,0,0,0,0,0,0,0,0,0,0,0,0,0,0,0,0,0
Eukaryota,Metazoa,Chordata,Craniata,Actinopteri,Lutjaniformes,Haemulidae,Pomadasys,-,Pomadasys,NA,0,0,0,0,0,0,0,0,0,0,0,0,0,1,0,0,0,0,0,0,0,0,0,0,0,0,0,0,0,0,0,0,1,0,0,0,0,0,0,0,0,0,0,0,0,0,0,0,0,0,0,0,0,0,0,0,0,0,0,0,0,0,0,0,0,0,0,0
Eukaryota,Metazoa,Chordata,Craniata,Actinopteri,Lutjaniformes,Haemulidae,Pomadasys,Pomadasys_kaakan,Pomadasys_kaakan,NA,1,1,1,1,1,1,1,1,1,1,1,1,1,1,1,1,1,1,1,1,1,1,1,1,1,1,1,1,1,1,1,1,1,1,0,0,0,0,0,0,0,0,0,0,0,0,1,0,0,1,1,0,0,1,0,0,0,0,0,0,0,0,0,0,0,1,0,1
Eukaryota,Metazoa,Chordata,Craniata,Actinopteri,Clupeiformes,Pristigasteridae,-,-,Pristigasteridae_family,NA,0,0,0,0,0,0,0,0,0,0,0,0,0,0,0,0,0,1,1,0,0,0,0,0,0,0,0,0,0,0,1,1,0,0,0,0,0,0,0,0,0,0,0,0,0,0,0,0,0,0,0,0,0,0,0,0,0,0,0,0,0,0,0,0,0,0,0,0
Eukaryota,Metazoa,Chordata,Craniata,Actinopteri,Gobiiformes,Gobiidae,Psammogobius,Psammogobius_biocellatus,Psammogobius_biocellatus,NA,0,0,1,1,0,1,0,1,0,0,0,0,0,0,0,0,0,0,0,0,0,0,0,0,0,0,0,0,0,1,0,0,0,0,0,1,0,0,0,0,0,0,0,0,0,0,0,0,0,0,0,0,0,0,1,0,0,0,0,0,0,0,0,0,0,0,0,0
Eukaryota,Metazoa,Chordata,Craniata,Actinopteri,Perciformes,Centropomidae,Psammoperca,Psammoperca_waigiensis,Psammoperca_waigiensis,NA,1,1,0,0,0,1,1,0,0,1,0,0,1,0,0,0,0,0,1,0,0,0,0,0,0,0,0,0,0,0,1,0,0,0,0,0,0,0,0,0,0,0,0,0,0,0,0,0,0,0,0,0,0,0,0,0,0,0,0,0,0,0,0,0,0,0,0,0
Eukaryota,Metazoa,Chordata,Craniata,Actinopteri,Gobiiformes,Gobiidae,Pseudogobius,-,Pseudogobius,NA,0,1,0,0,0,1,1,1,0,0,0,0,0,0,0,0,0,0,0,0,0,0,0,0,0,0,1,0,0,0,1,0,0,0,1,1,0,0,0,0,0,1,0,0,0,0,0,0,0,0,0,0,0,0,1,0,0,0,0,0,0,1,0,0,0,1,1,1
Eukaryota,Metazoa,Chordata,Craniata,Actinopteri,Labriformes,Labridae,Pseudolabrus,Pseudolabrus_guentheri,Pseudolabrus_guentheri,NA,0,0,0,0,0,0,0,0,0,0,0,0,0,0,0,0,0,0,0,0,0,0,0,0,0,0,0,0,0,0,0,0,0,0,0,0,0,0,0,0,0,0,0,0,0,0,0,0,0,0,1,0,0,0,0,0,0,0,0,0,0,0,0,0,1,1,1,1
Eukaryota,Metazoa,Chordata,Craniata,Actinopteri,Spariformes,Sparidae,Rhabdosargus,Rhabdosargus_haffara,Rhabdosargus_haffara,NA,0,1,1,0,0,0,0,1,1,0,0,0,0,0,0,0,0,0,0,0,0,0,0,0,0,0,0,0,0,0,0,0,0,0,0,0,0,0,0,0,0,0,0,0,0,0,0,0,0,0,0,0,0,0,0,0,0,0,0,0,0,0,0,0,0,0,0,0
Eukaryota,Metazoa,Chordata,Craniata,Chondrichthyes,Rhinopristiformes,Rhynchobatidae,Rhynchobatus,Rhynchobatus_australiae,Rhynchobatus_australiae,Critically Endangered - IUCN,0,0,0,0,1,0,1,0,1,0,0,0,0,1,0,1,0,0,1,1,0,0,0,0,0,0,0,0,0,1,0,0,0,0,0,0,0,0,0,0,1,0,0,1,0,1,0,0,0,0,0,0,1,0,0,0,0,0,0,1,0,0,0,0,0,1,0,0
Eukaryota,Metazoa,Chordata,Craniata,Actinopteri,Clupeiformes,Clupeidae,Sardinella,-,Sardinella,NA,1,1,1,1,1,1,1,1,1,1,1,0,1,1,1,1,1,1,1,1,1,1,1,1,1,1,1,1,1,1,1,1,1,1,1,0,0,0,0,0,0,0,0,1,0,0,0,0,0,1,1,0,0,1,0,0,1,0,0,1,0,0,0,0,1,1,1,0
Eukaryota,Metazoa,Chordata,Craniata,Actinopteri,Clupeiformes,Clupeidae,Sardinella,Sardinella_albella_Madagascar,Sardinella_albella_Madagascar,NA,0,0,0,0,0,0,0,0,0,0,0,0,0,0,0,0,0,0,0,0,0,0,0,0,0,1,0,0,0,0,0,0,1,1,1,0,0,0,0,0,0,0,0,0,0,0,0,0,0,0,1,0,0,0,0,0,0,0,0,0,0,0,0,0,0,1,1,0
Eukaryota,Metazoa,Chordata,Craniata,Actinopteri,Clupeiformes,Clupeidae,Sardinella,Sardinella_jussieu,Sardinella_jussieu,Data deficient - IUCN ,0,0,1,0,0,0,0,0,0,0,1,1,1,1,1,1,1,1,1,1,1,1,1,1,1,1,1,1,1,1,1,1,1,1,1,0,0,0,0,0,1,0,0,1,0,1,1,1,1,1,1,0,1,1,0,0,1,0,0,1,0,1,1,0,1,1,1,1
Eukaryota,Metazoa,Chordata,Craniata,Actinopteri,Clupeiformes,Clupeidae,Sardinella,Sardinella_melanura,Sardinella_melanura,NA,1,1,1,1,1,1,1,1,1,1,1,1,1,1,1,1,1,1,1,1,1,1,1,1,1,1,1,1,1,1,1,1,1,1,1,0,0,0,1,1,1,1,0,1,0,1,1,1,1,1,1,0,1,1,0,0,1,1,1,1,1,1,1,1,1,1,1,1
Eukaryota,Metazoa,Chordata,Craniata,Actinopteri,Aulopiformes,Synodontidae,Saurida,-,Saurida,NA,0,0,0,0,0,0,0,0,0,0,0,0,0,0,0,0,1,0,0,0,0,0,0,0,0,0,0,0,0,0,0,0,0,0,0,0,0,0,0,0,0,0,0,0,0,0,0,0,0,0,0,0,0,0,0,0,0,0,0,0,0,0,0,0,0,0,0,0
Eukaryota,Metazoa,Chordata,Craniata,Actinopteri,-,Scatophagidae,Scatophagus,-,Scatophagus,NA,1,0,0,1,0,0,0,1,0,0,0,0,0,1,0,0,0,0,0,0,0,0,0,0,0,0,1,0,0,0,0,0,0,0,0,0,0,0,0,0,0,0,0,0,0,0,0,0,0,0,0,0,0,0,0,0,0,0,0,0,0,0,0,0,0,0,0,0
Eukaryota,Metazoa,Chordata,Craniata,Actinopteri,-,Scatophagidae,Scatophagus,Scatophagus_argus,Scatophagus_argus,NA,1,1,1,1,0,1,1,1,1,0,1,1,1,1,1,1,1,0,1,1,1,1,1,1,1,1,1,1,0,1,1,1,1,1,1,1,1,1,1,1,1,0,1,1,0,0,0,1,1,1,1,0,0,1,1,1,0,0,1,0,0,1,0,0,1,1,1,1
Eukaryota,Metazoa,Chordata,Craniata,Actinopteri,Perciformes,Sciaenidae,-,-,Sciaenidae_family,NA,0,0,0,0,0,0,0,0,0,0,0,0,0,0,0,0,0,0,0,0,0,0,0,0,0,0,0,0,0,0,0,0,0,0,0,0,0,0,0,0,0,0,0,0,0,0,0,0,1,0,0,0,0,0,1,0,0,0,0,0,0,0,0,0,0,0,0,0
Eukaryota,Metazoa,Chordata,Craniata,Actinopteri,Scombriformes,Scombridae,Scomberomorus,Scomberomorus_commerson,Scomberomorus_commerson,Near Threatened - IUCN,0,0,0,0,0,0,0,0,0,0,0,0,0,0,0,0,0,0,0,0,0,0,0,0,0,0,0,0,0,0,0,0,0,0,0,0,0,0,0,0,0,0,0,0,0,0,0,0,0,0,1,0,0,0,0,0,0,0,0,0,0,0,0,0,1,1,1,0
Eukaryota,Metazoa,Chordata,Craniata,Actinopteri,Scombriformes,Scombridae,Scomberomorus,Scomberomorus_munroi_x_Scomberomorus_semifasciatus_Grey-SsCRC0703,Scomberomorus_munroi_x_Scomberomorus_semifasciatus_Grey-SsCRC0703,Near Threatened - IUCN,0,0,0,0,0,0,0,0,0,0,1,0,0,0,0,0,0,0,0,0,0,0,0,0,0,0,0,0,0,0,0,0,0,0,0,0,0,0,0,0,0,0,0,0,0,0,0,0,0,1,1,0,0,0,0,0,0,0,0,0,0,0,0,0,1,1,1,1
Eukaryota,Metazoa,Chordata,Craniata,Actinopteri,-,Scatophagidae,Selenotoca,-,Selenotoca,NA,1,0,0,1,0,0,0,0,0,0,0,0,0,0,0,0,0,0,1,0,0,0,0,0,1,0,1,0,0,0,0,0,0,0,0,0,0,1,0,0,0,0,0,0,0,0,0,0,0,0,0,0,0,0,0,0,0,0,0,0,0,0,0,0,0,0,0,0
Eukaryota,Metazoa,Chordata,Craniata,Actinopteri,-,Scatophagidae,Selenotoca,Selenotoca_multifasciata,Selenotoca_multifasciata,NA,1,1,1,1,1,1,1,1,1,0,0,1,1,0,1,1,1,1,1,1,1,1,1,1,1,1,1,1,1,1,1,1,1,1,1,1,0,1,0,1,1,0,0,1,0,1,0,0,0,0,1,0,1,0,0,1,1,0,0,1,0,1,0,1,0,1,0,0
Eukaryota,Metazoa,Chordata,Craniata,Actinopteri,-,Siganidae,Siganus,-,Siganus,NA,0,0,0,1,0,0,0,0,1,0,0,0,0,0,0,0,0,0,1,0,0,0,0,0,0,0,0,0,0,0,0,0,0,0,1,1,0,0,0,0,1,0,0,0,0,0,0,1,0,0,1,0,0,0,0,0,0,0,0,0,0,0,0,0,0,0,0,0
Eukaryota,Metazoa,Chordata,Craniata,Actinopteri,-,Siganidae,Siganus,Siganus_canaliculatus,Siganus_canaliculatus,NA,0,0,1,1,0,0,0,0,0,0,0,0,0,0,0,0,0,0,0,0,0,0,0,0,0,0,0,0,0,0,0,0,0,0,0,0,0,0,0,0,0,0,0,0,0,0,0,0,0,0,0,0,0,0,0,0,0,0,0,0,0,0,0,0,0,0,0,0
Eukaryota,Metazoa,Chordata,Craniata,Actinopteri,-,Siganidae,Siganus,Siganus_guttatus,Siganus_guttatus,NA,1,1,1,1,1,1,0,1,1,0,0,0,1,0,0,0,0,0,1,0,0,0,0,0,0,0,0,0,0,1,0,0,0,0,1,1,1,1,1,1,1,1,1,1,0,1,0,1,1,1,1,0,0,0,1,0,0,0,0,1,0,1,0,0,0,1,1,1
Eukaryota,Metazoa,Chordata,Craniata,Actinopteri,-,Sillaginidae,-,-,Sillaginidae_family,NA,1,1,1,0,0,1,0,1,0,0,1,1,1,1,1,1,1,1,1,1,1,1,1,1,1,1,1,1,0,0,1,1,1,1,0,1,0,1,1,0,0,1,0,0,0,0,1,1,1,1,1,0,0,0,1,0,0,1,0,0,0,1,0,0,1,1,1,1
Eukaryota,Metazoa,Chordata,Craniata,Actinopteri,-,Sillaginidae,Sillago,-,Sillago,NA,1,1,1,1,1,1,1,1,1,0,1,1,1,1,1,1,1,1,1,1,1,1,1,1,1,1,1,1,1,1,1,1,1,1,0,0,0,0,0,1,1,0,1,1,0,1,0,1,1,0,1,0,1,0,0,0,0,0,1,1,0,1,0,0,0,1,0,1
Eukaryota,Metazoa,Chordata,Craniata,Actinopteri,Spariformes,Sparidae,-,-,Sparidae_family,NA,1,1,1,1,1,1,1,1,1,1,1,1,1,1,1,1,1,1,1,1,1,1,1,1,1,1,1,1,1,1,1,1,1,1,1,1,1,1,1,1,1,1,1,1,1,1,1,1,1,1,1,1,1,1,1,1,1,1,1,1,1,1,0,0,1,1,1,1
Eukaryota,Metazoa,Chordata,Craniata,Actinopteri,Spariformes,-,-,-,Spariformes_order,NA,1,1,0,1,1,1,1,1,1,0,1,0,1,1,0,0,0,1,1,1,1,1,1,1,1,0,1,1,0,1,1,0,1,0,0,0,0,0,0,0,1,0,0,0,0,1,0,0,0,0,0,0,0,0,0,0,0,0,0,0,1,0,0,0,0,0,0,0
Eukaryota,Metazoa,Chordata,Craniata,Actinopteri,-,Sphyraenidae,Sphyraena,-,Sphyraena,NA,1,1,1,1,0,1,0,1,0,1,0,0,0,0,0,0,0,0,0,0,0,0,0,1,0,0,0,0,0,1,0,1,0,0,0,0,0,0,0,0,0,0,0,0,0,0,0,0,0,0,0,0,0,0,0,0,0,0,0,0,0,0,0,0,0,1,1,0
Eukaryota,Metazoa,Chordata,Craniata,Chondrichthyes,Carcharhiniformes,Carcharhinidae,Sphyrna,Sphyrna_lewini,Sphyrna_lewini,Critically Endangered - IUCN,1,0,0,1,0,0,0,0,0,0,0,0,0,0,0,0,0,0,0,0,0,0,0,0,0,0,0,0,0,0,0,0,0,0,0,0,0,0,0,0,0,0,0,0,0,0,0,0,0,0,0,0,0,0,0,0,0,0,0,0,0,0,0,0,0,0,0,0
Eukaryota,Metazoa,Chordata,Craniata,Actinopteri,Mugiliformes,Mugilidae,Squalomugil,-,Squalomugil,NA,0,0,0,0,0,0,0,0,0,0,0,0,0,0,0,0,0,1,0,0,0,0,0,0,0,0,0,0,0,0,0,0,0,0,0,0,0,0,0,0,0,0,0,0,0,0,0,0,0,0,0,0,0,0,0,0,0,0,0,0,0,0,0,0,0,0,0,0
Eukaryota,Metazoa,Chordata,Craniata,Actinopteri,Mugiliformes,Mugilidae,Squalomugil,Squalomugil_nasutus,Squalomugil_nasutus,NA,0,0,0,0,0,0,0,0,0,0,0,1,0,0,0,0,0,1,0,1,0,0,0,0,0,0,0,0,0,0,0,1,0,0,0,0,0,0,0,0,0,0,0,0,0,0,0,0,0,0,0,0,0,0,0,0,0,0,0,0,0,0,0,0,0,0,0,0
Eukaryota,Metazoa,Chordata,Craniata,Actinopteri,Clupeiformes,Engraulidae,Stolephorus,Stolephorus_indicus,Stolephorus_indicus,NA,0,0,1,0,0,0,0,1,1,0,0,0,0,0,0,0,0,0,0,0,0,0,0,0,0,0,0,0,0,1,0,0,0,0,0,0,0,0,0,0,0,0,0,0,0,0,0,0,0,0,0,0,0,0,0,0,0,0,0,0,0,0,0,0,0,0,0,0
Eukaryota,Metazoa,Chordata,Craniata,Actinopteri,Beloniformes,Belonidae,Strongylura,-,Strongylura,NA,0,0,0,0,0,0,1,0,0,0,0,0,1,0,0,1,1,0,0,0,0,0,0,0,0,1,0,0,0,0,0,0,1,0,0,0,0,0,0,0,0,0,0,0,0,0,0,0,0,0,0,0,0,0,0,0,0,0,0,0,0,0,0,0,0,0,0,0
Eukaryota,Metazoa,Chordata,Craniata,Actinopteri,Tetraodontiformes,Tetraodontidae,Takifugu,-,Takifugu,NA,0,0,0,0,1,0,1,0,0,1,0,1,1,0,1,1,1,0,1,0,1,0,0,0,0,0,0,0,0,0,1,1,1,0,0,0,0,0,0,0,0,0,0,0,0,0,0,0,0,0,0,0,0,0,0,0,0,0,0,0,0,0,0,0,0,0,0,0
Eukaryota,Metazoa,Chordata,Craniata,Actinopteri,Centrarchiformes,Terapontidae,Terapon,Terapon_jarbua,Terapon_jarbua,NA,0,0,0,0,0,0,0,0,0,0,0,0,0,0,0,0,0,0,0,0,0,0,0,0,0,0,0,0,0,0,0,0,0,0,0,0,0,0,0,0,0,1,0,0,0,0,0,0,1,0,0,0,1,0,0,0,0,0,0,0,0,0,0,0,0,0,0,0
Eukaryota,Metazoa,Chordata,Craniata,Actinopteri,Centrarchiformes,Terapontidae,-,-,Terapontidae_family,NA,0,0,0,0,0,0,0,0,0,0,0,0,0,0,0,0,0,0,0,0,0,0,0,0,0,0,0,0,0,0,0,0,0,0,1,0,1,1,1,0,0,0,0,1,0,0,1,1,0,0,1,0,0,0,0,0,0,0,0,0,0,0,0,0,0,1,0,0
Eukaryota,Metazoa,Chordata,Craniata,Actinopteri,Tetraodontiformes,Tetraodontidae,Tetractenos,-,Tetractenos,NA,0,0,0,0,0,0,0,0,0,0,1,1,1,0,0,1,1,1,0,1,0,1,0,1,0,0,0,1,0,0,1,1,0,1,0,0,0,0,0,0,0,0,0,0,0,0,0,0,1,1,1,0,0,0,1,0,0,0,0,0,0,0,1,1,1,0,0,1
Eukaryota,Metazoa,Chordata,Craniata,Actinopteri,Tetraodontiformes,Tetraodontidae,-,-,Tetraodontidae_family,NA,0,0,0,0,1,0,1,0,0,0,0,0,1,0,0,1,1,1,0,0,0,1,0,0,0,0,0,0,0,0,0,0,0,0,0,0,0,0,0,0,0,0,0,0,0,0,0,0,0,0,0,0,0,0,0,0,0,0,0,0,0,0,0,0,0,0,0,0
Eukaryota,Metazoa,Chordata,Craniata,Actinopteri,Tetraodontiformes,-,-,-,Tetraodontiformes_order,NA,0,0,0,1,0,0,0,0,0,0,0,0,0,0,1,0,0,0,1,0,1,1,0,0,1,0,1,0,0,0,1,0,0,0,0,0,0,0,0,0,0,0,0,0,0,0,0,0,0,0,1,0,0,0,0,0,0,0,0,0,0,0,0,0,1,0,0,0
Eukaryota,Metazoa,Chordata,Craniata,Actinopteri,Clupeiformes,Engraulidae,Thryssa,Thryssa_hamiltonii,Thryssa_hamiltonii,NA,0,0,0,0,0,0,0,0,0,0,0,0,0,0,0,0,0,0,0,0,0,0,1,0,0,0,1,1,0,0,1,0,0,0,0,0,0,0,0,0,0,1,0,0,0,0,0,0,1,0,1,0,0,0,0,0,0,0,0,0,0,0,0,0,1,1,1,1
Eukaryota,Metazoa,Chordata,Craniata,Actinopteri,-,Toxotidae,Toxotes,-,Toxotes,NA,1,1,1,1,1,1,1,1,1,1,0,1,1,0,0,0,0,0,0,1,1,1,1,1,1,0,1,1,0,1,1,0,1,1,0,0,0,0,0,0,1,1,0,0,0,0,0,0,1,0,0,0,0,0,0,0,0,0,0,0,0,0,0,0,0,0,0,0
Eukaryota,Metazoa,Chordata,Craniata,Actinopteri,-,Toxotidae,-,-,Toxotidae_family,NA,0,0,0,0,0,0,0,0,0,0,0,0,0,0,0,0,0,0,0,0,1,0,0,0,0,0,0,0,0,0,0,0,0,0,0,0,0,0,0,0,0,0,0,0,0,0,0,0,0,0,0,0,0,0,0,0,0,0,0,0,0,0,0,0,0,0,0,0
Eukaryota,Metazoa,Chordata,Craniata,Actinopteri,Carangiformes,Carangidae,Trachinotus,-,Trachinotus,NA,0,0,0,0,0,1,0,0,0,0,0,0,0,0,0,0,0,0,1,0,0,1,0,1,0,1,0,0,0,0,0,1,0,0,0,0,0,0,0,0,0,0,0,0,0,0,0,0,0,0,0,0,0,0,0,0,0,0,0,0,0,0,0,0,0,0,0,0
Eukaryota,Metazoa,Chordata,Craniata,Actinopteri,Tetraodontiformes,Triacanthidae,-,-,Triacanthidae_family,NA,1,0,0,0,1,0,1,1,0,0,0,0,0,0,0,1,0,0,0,0,0,0,0,0,1,1,1,0,1,1,0,0,0,0,0,0,0,0,0,0,0,0,0,0,0,0,0,0,0,0,0,0,0,0,0,0,0,0,0,0,0,0,0,0,0,0,0,0
Eukaryota,Metazoa,Chordata,Craniata,Actinopteri,Tetraodontiformes,Triacanthidae,Triacanthus,Triacanthus_biaculeatus,Triacanthus_biaculeatus,NA,0,0,0,0,0,0,0,0,0,0,0,0,0,0,0,0,0,0,0,0,0,0,0,0,0,1,0,0,1,1,0,0,0,0,0,0,0,0,0,0,0,0,0,0,0,0,0,0,0,0,0,0,0,0,0,0,0,0,0,0,0,0,0,0,0,0,0,0
Eukaryota,Metazoa,Chordata,Craniata,Actinopteri,Beloniformes,Belonidae,Tylosurus,Tylosurus_crocodilus,Tylosurus_crocodilus,NA,0,0,1,0,0,0,0,0,0,0,0,0,0,0,0,0,0,0,0,0,0,0,0,0,0,0,0,0,0,0,0,0,0,0,0,0,0,0,0,0,0,0,0,0,0,0,0,0,0,0,0,0,0,0,0,0,0,0,0,0,0,0,0,0,0,0,0,0
Eukaryota,Metazoa,Chordata,Craniata,Chondrichthyes,Myliobatiformes,Dasyatidae,Urogymnus,-,Urogymnus,NA,0,0,0,0,0,0,0,0,0,0,0,0,0,0,0,0,1,0,0,0,0,0,0,0,0,0,0,0,0,0,0,0,0,0,0,0,0,0,0,0,0,0,0,0,0,0,0,0,0,0,0,0,0,0,0,0,0,0,0,0,0,0,0,0,0,0,0,0
Eukaryota,Metazoa,Chordata,Craniata,Chondrichthyes,Myliobatiformes,Dasyatidae,Urogymnus,Urogymnus_asperrimus,Urogymnus_asperrimus,Vulnerable - IUCN ,0,0,0,0,0,0,0,0,0,0,0,1,1,1,1,1,1,0,1,0,1,1,1,0,1,0,1,0,0,0,1,0,1,0,0,0,0,0,0,0,0,0,0,0,0,0,0,0,0,0,0,0,0,0,0,0,0,0,0,0,0,0,0,0,0,0,0,0
Eukaryota,Metazoa,Chordata,Craniata,Chondrichthyes,Myliobatiformes,Dasyatidae,Urogymnus,Urogymnus_granulatus,Urogymnus_granulatus,Vulnerable - IUCN ,1,1,1,1,1,1,1,1,1,1,0,0,0,0,0,0,0,0,0,0,0,0,0,0,0,0,0,0,1,1,0,1,0,0,0,0,0,0,0,0,0,0,0,0,0,0,0,0,0,0,0,0,0,0,0,0,0,0,0,0,0,0,0,0,0,0,0,0
Eukaryota,Metazoa,Chordata,Craniata,Actinopteri,Mugiliformes,Mugilidae,Valamugil,-,Valamugil,NA,1,1,0,0,0,0,0,0,0,0,0,0,1,0,0,0,0,0,0,0,0,0,0,0,0,0,1,0,0,0,1,0,0,0,0,0,0,0,0,0,0,0,0,0,0,0,0,0,0,0,0,0,0,0,0,0,0,0,0,0,0,0,0,0,0,0,0,0
Eukaryota,Metazoa,Chordata,Craniata,Actinopteri,Mugiliformes,Mugilidae,Valamugil,Valamugil_formosae,Valamugil_formosae,NA,1,1,1,1,0,1,0,0,1,1,1,1,1,0,1,0,0,0,0,0,1,1,1,0,1,1,1,1,0,0,1,1,1,0,0,0,0,0,0,0,0,0,0,0,0,0,0,0,1,1,0,0,0,0,0,0,0,0,0,0,0,0,0,0,1,0,0,1
Eukaryota,Metazoa,Chordata,Craniata,Actinopteri,Beloniformes,Zenarchopteridae,-,-,Zenarchopteridae_family,NA,1,0,0,0,0,0,1,1,0,0,0,0,0,0,0,0,0,0,0,0,0,1,1,0,1,0,1,0,0,0,0,0,0,0,0,0,0,0,0,0,0,0,0,0,0,0,0,0,0,0,0,0,0,0,0,0,0,0,0,0,0,0,0,0,0,0,0,0
Eukaryota,Metazoa,Chordata,Craniata,Chondrichthyes,Myliobatiformes,Myliobatidae,Aetobatus,Aetobatus_narinari,Aetobatus_narinari,Endangered - IUCN,1,1,1,1,1,1,1,1,1,1,1,1,0,0,0,1,0,1,1,1,1,1,1,1,1,1,1,1,1,1,0,0,1,1,0,0,0,0,0,0,0,0,0,0,0,0,0,0,0,0,0,0,0,1,0,0,0,0,0,0,0,0,0,0,0,0,0,0
Eukaryota,Metazoa,Chordata,Craniata,Chondrichthyes,Carcharhiniformes,Carcharhinidae,Carcharhinus,Carcharhinus_leucas,Carcharhinus_leucas,Vulnerable - IUCN,1,1,1,1,1,1,1,1,1,1,1,0,0,0,1,0,1,1,1,0,1,1,1,1,1,1,1,1,1,1,0,0,1,0,0,0,0,0,0,0,1,0,0,0,0,0,0,1,1,1,0,0,0,1,0,0,0,0,0,0,0,1,0,0,0,0,0,0
Eukaryota,Metazoa,Chordata,Craniata,Chondrichthyes,Myliobatiformes,Dasyatidae,-,-,Dasyatidae_family,NA,1,1,1,1,1,1,1,1,1,1,1,0,0,1,1,1,1,1,1,1,1,1,1,1,1,1,1,1,1,1,0,0,1,1,0,0,0,0,0,0,0,0,0,0,0,0,0,0,0,0,0,0,0,0,0,0,0,0,0,0,0,0,0,0,0,0,0,0
Eukaryota,Metazoa,Chordata,Craniata,Chondrichthyes,Myliobatiformes,Dasyatidae,Dasyatis,Dasyatis_say,Dasyatis_say,NA,0,1,0,0,0,0,0,0,0,0,0,0,0,0,0,1,0,0,0,1,0,0,0,0,0,0,0,0,0,1,0,0,0,1,0,0,0,0,0,0,0,0,0,0,0,0,0,0,0,0,0,0,0,0,0,0,0,0,0,0,0,0,0,0,0,0,0,0
Eukaryota,Metazoa,Chordata,Craniata,Chondrichthyes,Myliobatiformes,Dasyatidae,Dasyatis,Dasyatis_sp._KAUM:I:34129,Dasyatis_sp._KAUM:I:34129,NA,0,0,0,0,0,1,0,0,0,1,0,0,0,0,0,1,0,1,0,1,0,0,0,0,0,0,0,0,0,1,0,0,0,0,0,0,0,0,0,0,0,0,0,0,0,0,0,0,0,0,0,0,0,0,0,0,0,0,0,0,0,0,0,0,0,0,0,0
Eukaryota,Metazoa,Chordata,Craniata,Chondrichthyes,Myliobatiformes,Dasyatidae,Dasyatis,Dasyatis_sp._KCCL-2002,Dasyatis_sp._KCCL-2002,NA,1,1,1,1,1,1,1,1,1,1,1,1,1,1,1,1,1,1,1,1,1,1,1,1,1,1,1,1,1,1,1,1,1,1,0,0,0,0,0,0,0,0,0,0,0,0,0,0,1,0,0,0,0,0,0,0,0,0,0,0,0,0,0,0,0,0,0,0
Eukaryota,Metazoa,Chordata,Craniata,Chondrichthyes,Pristiformes/Rhiniformes group,Rhinobatidae,Glaucostegus,Glaucostegus_granulatus,Glaucostegus_granulatus,Critically Endangered - IUCN,0,0,0,0,0,1,1,1,1,0,0,0,0,1,1,1,0,0,1,1,1,1,1,1,1,1,1,1,1,1,0,0,1,1,0,0,0,0,0,0,0,0,0,0,0,0,0,0,0,0,0,0,0,0,0,0,0,0,0,0,0,0,0,0,0,0,0,0
Eukaryota,Metazoa,Chordata,Craniata,Chondrichthyes,Myliobatiformes,Dasyatidae,Himantura,Himantura_uarnak,Himantura_uarnak,Endangered - IUCN,1,1,1,1,1,1,1,1,1,1,1,1,1,1,1,1,1,1,1,1,1,1,1,1,1,1,1,1,1,1,1,1,1,1,0,0,0,0,0,1,0,0,0,0,0,0,0,0,0,0,0,0,1,0,0,0,0,1,1,1,0,0,0,0,0,0,0,0
Eukaryota,Metazoa,Chordata,Craniata,Chondrichthyes,Myliobatiformes,-,-,-,Myliobatiformes_order,NA,0,0,0,0,0,1,0,1,0,1,1,1,0,1,0,1,0,1,0,1,0,1,0,0,0,1,0,1,0,1,0,0,0,0,0,0,0,0,0,0,0,0,0,0,0,0,0,0,0,0,0,0,0,0,0,0,0,0,0,0,0,0,0,0,0,0,0,0
Eukaryota,Metazoa,Chordata,Craniata,Chondrichthyes,Orectolobiformes,Orectolobidae,Orectolobus,Orectolobus_japonicus,Orectolobus_japonicus,NA,0,0,0,1,0,1,0,1,0,1,0,1,1,1,0,1,0,1,0,1,0,0,0,0,1,0,0,1,0,0,0,0,0,1,0,0,0,0,0,0,0,0,0,0,0,0,0,0,0,0,0,0,0,0,0,0,0,0,0,0,0,0,0,0,0,0,0,0
Eukaryota,Metazoa,Chordata,Craniata,Chondrichthyes,Myliobatiformes,Dasyatidae,Pastinachus,Pastinachus_sephen,Pastinachus_sephen,Vulnerable - IUCN,1,1,1,1,1,1,1,1,1,1,1,1,1,1,1,1,1,1,1,1,1,1,1,1,1,1,1,1,1,1,1,0,1,1,1,0,0,0,0,0,0,0,0,0,0,0,0,0,0,0,0,0,0,0,0,0,0,0,1,1,0,0,0,0,0,0,0,1
Eukaryota,Metazoa,Chordata,Craniata,Chondrichthyes,Myliobatiformes,Myliobatidae,Rhinoptera,Rhinoptera_javanica,Rhinoptera_javanica,Endangered - IUCN,0,0,0,0,0,0,1,1,0,1,0,0,0,0,0,0,0,0,0,0,0,0,0,0,0,0,0,0,0,0,0,0,0,0,0,0,0,0,0,0,0,0,0,0,0,0,0,0,0,0,0,0,0,0,0,0,0,0,0,0,0,0,0,0,0,0,0,0
Eukaryota,Metazoa,Chordata,Craniata,Chondrichthyes,Rhinopristiformes,Rhynchobatidae,Rhynchobatus,Rhynchobatus_australiae,Rhynchobatus_australiae,Critically Endangered - IUCN,1,0,0,1,1,1,1,1,1,1,0,1,0,1,0,1,0,1,1,1,0,1,1,1,1,1,0,1,1,1,0,0,1,0,0,0,0,0,0,0,0,0,0,0,0,0,0,0,0,0,0,0,0,0,0,0,0,0,0,0,0,0,0,0,0,0,0,0
Eukaryota,Metazoa,Chordata,Craniata,Chondrichthyes,Myliobatiformes,Dasyatidae,Urogymnus,Urogymnus_asperrimus,Urogymnus_asperrimus,Vulnerable - IUCN,1,0,1,1,1,0,1,0,1,0,1,0,0,1,1,1,1,1,1,0,1,1,1,1,1,0,1,0,1,0,0,0,1,1,0,0,0,0,0,0,0,0,0,0,0,0,0,0,0,0,0,0,0,0,0,0,0,0,0,0,0,0,0,0,0,0,0,0
Eukaryota,Metazoa,Chordata,Craniata,Chondrichthyes,Myliobatiformes,Dasyatidae,Urogymnus,Urogymnus_granulatus,Urogymnus_granulatus,Vulnerable - IUCN,1,1,0,1,1,1,1,1,0,0,1,0,0,0,0,0,0,0,0,0,0,0,0,0,1,0,1,1,1,1,0,0,0,0,0,0,0,0,0,0,0,0,0,0,0,0,0,0,0,0,0,0,0,0,0,0,0,0,0,0,0,0,0,0,0,0,0,0